{"cameraMode":{"drawMode":0,"name":"Shaded","section":"Shading Mode"},"sceneLighting":false,"audioPlay":false,"sceneViewState":{"showFog":true,"showMaterialUpdate":false,"showSkybox":false,"showFlares":true,"showImageEffects":true,"showParticleSystems":true},"in2DMode":false,"pivot":{"x":6.570000171661377,"y":1.6515580415725709,"z":2.0962905883789064},"rotation":{"x":0.23647846281528474,"y":-0.5907192826271057,"z":0.18662168085575105,"w":0.7485325932502747},"size":9.552160263061524,"orthographic":false}